user_id,log_age,amount,high_value
100,1.3979400086720375,5000,False
101,1.5440680443502754,15000,True
